"session","run","approach","loop_type","cycles","duration","timestamp","os","browser","useragent"
"feb059","3b066b","Map_Only","async","50","249","2021-12-08T12:54:57.708Z","Windows","Edge","Mozilla/5.0 (Windows NT 10.0; Win64; x64) AppleWebKit/537.36 (KHTML, like Gecko) Chrome/96.0.4664.55 Safari/537.36 Edg/96.0.1054.43"
"feb059","3b066b","Map_Only","sync","50","43","2021-12-08T12:54:57.752Z","Windows","Edge","Mozilla/5.0 (Windows NT 10.0; Win64; x64) AppleWebKit/537.36 (KHTML, like Gecko) Chrome/96.0.4664.55 Safari/537.36 Edg/96.0.1054.43"
"feb059","3b066b","Canvas","async","50","661","2021-12-08T12:54:58.413Z","Windows","Edge","Mozilla/5.0 (Windows NT 10.0; Win64; x64) AppleWebKit/537.36 (KHTML, like Gecko) Chrome/96.0.4664.55 Safari/537.36 Edg/96.0.1054.43"
"feb059","3b066b","Canvas","sync","50","505","2021-12-08T12:54:58.918Z","Windows","Edge","Mozilla/5.0 (Windows NT 10.0; Win64; x64) AppleWebKit/537.36 (KHTML, like Gecko) Chrome/96.0.4664.55 Safari/537.36 Edg/96.0.1054.43"
"feb059","3b066b","HTML_flex","async","50","1784","2021-12-08T12:55:00.702Z","Windows","Edge","Mozilla/5.0 (Windows NT 10.0; Win64; x64) AppleWebKit/537.36 (KHTML, like Gecko) Chrome/96.0.4664.55 Safari/537.36 Edg/96.0.1054.43"
"feb059","3b066b","HTML_flex","sync","50","318","2021-12-08T12:55:01.020Z","Windows","Edge","Mozilla/5.0 (Windows NT 10.0; Win64; x64) AppleWebKit/537.36 (KHTML, like Gecko) Chrome/96.0.4664.55 Safari/537.36 Edg/96.0.1054.43"
"feb059","3b066b","HTML_absolute","async","50","2337","2021-12-08T12:55:03.358Z","Windows","Edge","Mozilla/5.0 (Windows NT 10.0; Win64; x64) AppleWebKit/537.36 (KHTML, like Gecko) Chrome/96.0.4664.55 Safari/537.36 Edg/96.0.1054.43"
"feb059","3b066b","HTML_absolute","sync","50","297","2021-12-08T12:55:03.655Z","Windows","Edge","Mozilla/5.0 (Windows NT 10.0; Win64; x64) AppleWebKit/537.36 (KHTML, like Gecko) Chrome/96.0.4664.55 Safari/537.36 Edg/96.0.1054.43"
"feb059","3b066b","SVG_slow","async","50","4922","2021-12-08T12:55:08.577Z","Windows","Edge","Mozilla/5.0 (Windows NT 10.0; Win64; x64) AppleWebKit/537.36 (KHTML, like Gecko) Chrome/96.0.4664.55 Safari/537.36 Edg/96.0.1054.43"
"feb059","3b066b","SVG_slow","sync","50","2564","2021-12-08T12:55:11.141Z","Windows","Edge","Mozilla/5.0 (Windows NT 10.0; Win64; x64) AppleWebKit/537.36 (KHTML, like Gecko) Chrome/96.0.4664.55 Safari/537.36 Edg/96.0.1054.43"
"feb059","3b066b","SVG","async","50","2381","2021-12-08T12:55:13.522Z","Windows","Edge","Mozilla/5.0 (Windows NT 10.0; Win64; x64) AppleWebKit/537.36 (KHTML, like Gecko) Chrome/96.0.4664.55 Safari/537.36 Edg/96.0.1054.43"
"feb059","3b066b","SVG","sync","50","458","2021-12-08T12:55:13.981Z","Windows","Edge","Mozilla/5.0 (Windows NT 10.0; Win64; x64) AppleWebKit/537.36 (KHTML, like Gecko) Chrome/96.0.4664.55 Safari/537.36 Edg/96.0.1054.43"
"feb059","f8d4de","Map_Only","async","50","260","2021-12-08T13:00:05.151Z","Windows","Edge","Mozilla/5.0 (Windows NT 10.0; Win64; x64) AppleWebKit/537.36 (KHTML, like Gecko) Chrome/96.0.4664.55 Safari/537.36 Edg/96.0.1054.43"
"feb059","f8d4de","Map_Only","sync","50","28","2021-12-08T13:00:05.180Z","Windows","Edge","Mozilla/5.0 (Windows NT 10.0; Win64; x64) AppleWebKit/537.36 (KHTML, like Gecko) Chrome/96.0.4664.55 Safari/537.36 Edg/96.0.1054.43"
"feb059","f8d4de","Canvas","async","50","1026","2021-12-08T13:00:06.206Z","Windows","Edge","Mozilla/5.0 (Windows NT 10.0; Win64; x64) AppleWebKit/537.36 (KHTML, like Gecko) Chrome/96.0.4664.55 Safari/537.36 Edg/96.0.1054.43"
"feb059","f8d4de","Canvas","sync","50","928","2021-12-08T13:00:07.134Z","Windows","Edge","Mozilla/5.0 (Windows NT 10.0; Win64; x64) AppleWebKit/537.36 (KHTML, like Gecko) Chrome/96.0.4664.55 Safari/537.36 Edg/96.0.1054.43"
"feb059","f8d4de","HTML_flex","async","50","3427","2021-12-08T13:00:10.561Z","Windows","Edge","Mozilla/5.0 (Windows NT 10.0; Win64; x64) AppleWebKit/537.36 (KHTML, like Gecko) Chrome/96.0.4664.55 Safari/537.36 Edg/96.0.1054.43"
"feb059","f8d4de","HTML_flex","sync","50","577","2021-12-08T13:00:11.138Z","Windows","Edge","Mozilla/5.0 (Windows NT 10.0; Win64; x64) AppleWebKit/537.36 (KHTML, like Gecko) Chrome/96.0.4664.55 Safari/537.36 Edg/96.0.1054.43"
"feb059","f8d4de","HTML_absolute","async","50","4535","2021-12-08T13:00:15.674Z","Windows","Edge","Mozilla/5.0 (Windows NT 10.0; Win64; x64) AppleWebKit/537.36 (KHTML, like Gecko) Chrome/96.0.4664.55 Safari/537.36 Edg/96.0.1054.43"
"feb059","f8d4de","HTML_absolute","sync","50","790","2021-12-08T13:00:16.465Z","Windows","Edge","Mozilla/5.0 (Windows NT 10.0; Win64; x64) AppleWebKit/537.36 (KHTML, like Gecko) Chrome/96.0.4664.55 Safari/537.36 Edg/96.0.1054.43"
"feb059","f8d4de","SVG_slow","async","50","11736","2021-12-08T13:00:28.206Z","Windows","Edge","Mozilla/5.0 (Windows NT 10.0; Win64; x64) AppleWebKit/537.36 (KHTML, like Gecko) Chrome/96.0.4664.55 Safari/537.36 Edg/96.0.1054.43"
"feb059","f8d4de","SVG_slow","sync","50","4820","2021-12-08T13:00:33.026Z","Windows","Edge","Mozilla/5.0 (Windows NT 10.0; Win64; x64) AppleWebKit/537.36 (KHTML, like Gecko) Chrome/96.0.4664.55 Safari/537.36 Edg/96.0.1054.43"
"feb059","f8d4de","SVG","async","50","3080","2021-12-08T13:00:36.106Z","Windows","Edge","Mozilla/5.0 (Windows NT 10.0; Win64; x64) AppleWebKit/537.36 (KHTML, like Gecko) Chrome/96.0.4664.55 Safari/537.36 Edg/96.0.1054.43"
"feb059","f8d4de","SVG","sync","50","395","2021-12-08T13:00:36.501Z","Windows","Edge","Mozilla/5.0 (Windows NT 10.0; Win64; x64) AppleWebKit/537.36 (KHTML, like Gecko) Chrome/96.0.4664.55 Safari/537.36 Edg/96.0.1054.43"
"feb059","fec968","Map_Only","async","50","294","2021-12-08T13:03:25.278Z","Windows","Edge","Mozilla/5.0 (Windows NT 10.0; Win64; x64) AppleWebKit/537.36 (KHTML, like Gecko) Chrome/96.0.4664.55 Safari/537.36 Edg/96.0.1054.43"
"feb059","fec968","Map_Only","sync","50","22","2021-12-08T13:03:25.300Z","Windows","Edge","Mozilla/5.0 (Windows NT 10.0; Win64; x64) AppleWebKit/537.36 (KHTML, like Gecko) Chrome/96.0.4664.55 Safari/537.36 Edg/96.0.1054.43"
"feb059","fec968","Canvas","async","50","615","2021-12-08T13:03:25.915Z","Windows","Edge","Mozilla/5.0 (Windows NT 10.0; Win64; x64) AppleWebKit/537.36 (KHTML, like Gecko) Chrome/96.0.4664.55 Safari/537.36 Edg/96.0.1054.43"
"feb059","fec968","Canvas","sync","50","507","2021-12-08T13:03:26.422Z","Windows","Edge","Mozilla/5.0 (Windows NT 10.0; Win64; x64) AppleWebKit/537.36 (KHTML, like Gecko) Chrome/96.0.4664.55 Safari/537.36 Edg/96.0.1054.43"
"feb059","fec968","HTML_flex","async","50","1680","2021-12-08T13:03:28.102Z","Windows","Edge","Mozilla/5.0 (Windows NT 10.0; Win64; x64) AppleWebKit/537.36 (KHTML, like Gecko) Chrome/96.0.4664.55 Safari/537.36 Edg/96.0.1054.43"
"feb059","fec968","HTML_flex","sync","50","282","2021-12-08T13:03:28.384Z","Windows","Edge","Mozilla/5.0 (Windows NT 10.0; Win64; x64) AppleWebKit/537.36 (KHTML, like Gecko) Chrome/96.0.4664.55 Safari/537.36 Edg/96.0.1054.43"
"feb059","fec968","HTML_absolute","async","50","2698","2021-12-08T13:03:31.083Z","Windows","Edge","Mozilla/5.0 (Windows NT 10.0; Win64; x64) AppleWebKit/537.36 (KHTML, like Gecko) Chrome/96.0.4664.55 Safari/537.36 Edg/96.0.1054.43"
"feb059","fec968","HTML_absolute","sync","50","345","2021-12-08T13:03:31.428Z","Windows","Edge","Mozilla/5.0 (Windows NT 10.0; Win64; x64) AppleWebKit/537.36 (KHTML, like Gecko) Chrome/96.0.4664.55 Safari/537.36 Edg/96.0.1054.43"
"feb059","fec968","SVG_slow","async","50","6371","2021-12-08T13:03:37.800Z","Windows","Edge","Mozilla/5.0 (Windows NT 10.0; Win64; x64) AppleWebKit/537.36 (KHTML, like Gecko) Chrome/96.0.4664.55 Safari/537.36 Edg/96.0.1054.43"
"feb059","fec968","SVG_slow","sync","50","3149","2021-12-08T13:03:40.950Z","Windows","Edge","Mozilla/5.0 (Windows NT 10.0; Win64; x64) AppleWebKit/537.36 (KHTML, like Gecko) Chrome/96.0.4664.55 Safari/537.36 Edg/96.0.1054.43"
"feb059","fec968","SVG","async","50","2758","2021-12-08T13:03:43.709Z","Windows","Edge","Mozilla/5.0 (Windows NT 10.0; Win64; x64) AppleWebKit/537.36 (KHTML, like Gecko) Chrome/96.0.4664.55 Safari/537.36 Edg/96.0.1054.43"
"feb059","fec968","SVG","sync","50","414","2021-12-08T13:03:44.123Z","Windows","Edge","Mozilla/5.0 (Windows NT 10.0; Win64; x64) AppleWebKit/537.36 (KHTML, like Gecko) Chrome/96.0.4664.55 Safari/537.36 Edg/96.0.1054.43"
"feb059","c82f","Map_Only","async","50","458","2021-12-08T13:08:45.877Z","Windows","Edge","Mozilla/5.0 (Windows NT 10.0; Win64; x64) AppleWebKit/537.36 (KHTML, like Gecko) Chrome/96.0.4664.55 Safari/537.36 Edg/96.0.1054.43"
"feb059","c82f","Map_Only","sync","50","83","2021-12-08T13:08:45.962Z","Windows","Edge","Mozilla/5.0 (Windows NT 10.0; Win64; x64) AppleWebKit/537.36 (KHTML, like Gecko) Chrome/96.0.4664.55 Safari/537.36 Edg/96.0.1054.43"
"feb059","c82f","Canvas","async","50","2691","2021-12-08T13:08:48.654Z","Windows","Edge","Mozilla/5.0 (Windows NT 10.0; Win64; x64) AppleWebKit/537.36 (KHTML, like Gecko) Chrome/96.0.4664.55 Safari/537.36 Edg/96.0.1054.43"
"feb059","c82f","Canvas","sync","50","3023","2021-12-08T13:08:51.678Z","Windows","Edge","Mozilla/5.0 (Windows NT 10.0; Win64; x64) AppleWebKit/537.36 (KHTML, like Gecko) Chrome/96.0.4664.55 Safari/537.36 Edg/96.0.1054.43"
"feb059","c82f","HTML_flex","async","50","10350","2021-12-08T13:09:02.028Z","Windows","Edge","Mozilla/5.0 (Windows NT 10.0; Win64; x64) AppleWebKit/537.36 (KHTML, like Gecko) Chrome/96.0.4664.55 Safari/537.36 Edg/96.0.1054.43"
"feb059","c82f","HTML_flex","sync","50","2145","2021-12-08T13:09:04.174Z","Windows","Edge","Mozilla/5.0 (Windows NT 10.0; Win64; x64) AppleWebKit/537.36 (KHTML, like Gecko) Chrome/96.0.4664.55 Safari/537.36 Edg/96.0.1054.43"
"feb059","c82f","HTML_absolute","async","50","15075","2021-12-08T13:09:19.249Z","Windows","Edge","Mozilla/5.0 (Windows NT 10.0; Win64; x64) AppleWebKit/537.36 (KHTML, like Gecko) Chrome/96.0.4664.55 Safari/537.36 Edg/96.0.1054.43"
"feb059","c82f","HTML_absolute","sync","50","3099","2021-12-08T13:09:22.349Z","Windows","Edge","Mozilla/5.0 (Windows NT 10.0; Win64; x64) AppleWebKit/537.36 (KHTML, like Gecko) Chrome/96.0.4664.55 Safari/537.36 Edg/96.0.1054.43"
"feb059","c82f","SVG_slow","async","50","53542","2021-12-08T13:10:15.891Z","Windows","Edge","Mozilla/5.0 (Windows NT 10.0; Win64; x64) AppleWebKit/537.36 (KHTML, like Gecko) Chrome/96.0.4664.55 Safari/537.36 Edg/96.0.1054.43"
"feb059","c82f","SVG_slow","sync","50","32414","2021-12-08T13:10:48.306Z","Windows","Edge","Mozilla/5.0 (Windows NT 10.0; Win64; x64) AppleWebKit/537.36 (KHTML, like Gecko) Chrome/96.0.4664.55 Safari/537.36 Edg/96.0.1054.43"
"feb059","c82f","SVG","async","50","24797","2021-12-08T13:11:13.105Z","Windows","Edge","Mozilla/5.0 (Windows NT 10.0; Win64; x64) AppleWebKit/537.36 (KHTML, like Gecko) Chrome/96.0.4664.55 Safari/537.36 Edg/96.0.1054.43"
"feb059","c82f","SVG","sync","50","3259","2021-12-08T13:11:16.365Z","Windows","Edge","Mozilla/5.0 (Windows NT 10.0; Win64; x64) AppleWebKit/537.36 (KHTML, like Gecko) Chrome/96.0.4664.55 Safari/537.36 Edg/96.0.1054.43"
"802a2","c79a07","Map_Only","async","50","722","2021-12-08T12:53:26.404Z","Windows","Firefox","Mozilla/5.0 (Windows NT 10.0; Win64; x64; rv:95.0) Gecko/20100101 Firefox/95.0"
"802a2","c79a07","Map_Only","sync","50","44","2021-12-08T12:53:26.449Z","Windows","Firefox","Mozilla/5.0 (Windows NT 10.0; Win64; x64; rv:95.0) Gecko/20100101 Firefox/95.0"
"802a2","c79a07","Canvas","async","50","810","2021-12-08T12:53:27.260Z","Windows","Firefox","Mozilla/5.0 (Windows NT 10.0; Win64; x64; rv:95.0) Gecko/20100101 Firefox/95.0"
"802a2","c79a07","Canvas","sync","50","388","2021-12-08T12:53:27.648Z","Windows","Firefox","Mozilla/5.0 (Windows NT 10.0; Win64; x64; rv:95.0) Gecko/20100101 Firefox/95.0"
"802a2","c79a07","HTML_flex","async","50","1680","2021-12-08T12:53:29.328Z","Windows","Firefox","Mozilla/5.0 (Windows NT 10.0; Win64; x64; rv:95.0) Gecko/20100101 Firefox/95.0"
"802a2","c79a07","HTML_flex","sync","50","281","2021-12-08T12:53:29.610Z","Windows","Firefox","Mozilla/5.0 (Windows NT 10.0; Win64; x64; rv:95.0) Gecko/20100101 Firefox/95.0"
"802a2","c79a07","HTML_absolute","async","50","1824","2021-12-08T12:53:31.434Z","Windows","Firefox","Mozilla/5.0 (Windows NT 10.0; Win64; x64; rv:95.0) Gecko/20100101 Firefox/95.0"
"802a2","c79a07","HTML_absolute","sync","50","297","2021-12-08T12:53:31.731Z","Windows","Firefox","Mozilla/5.0 (Windows NT 10.0; Win64; x64; rv:95.0) Gecko/20100101 Firefox/95.0"
"802a2","c79a07","SVG_slow","async","50","4055","2021-12-08T12:53:35.786Z","Windows","Firefox","Mozilla/5.0 (Windows NT 10.0; Win64; x64; rv:95.0) Gecko/20100101 Firefox/95.0"
"802a2","c79a07","SVG_slow","sync","50","1021","2021-12-08T12:53:36.807Z","Windows","Firefox","Mozilla/5.0 (Windows NT 10.0; Win64; x64; rv:95.0) Gecko/20100101 Firefox/95.0"
"802a2","c79a07","SVG","async","50","4155","2021-12-08T12:53:40.962Z","Windows","Firefox","Mozilla/5.0 (Windows NT 10.0; Win64; x64; rv:95.0) Gecko/20100101 Firefox/95.0"
"802a2","c79a07","SVG","sync","50","330","2021-12-08T12:53:41.293Z","Windows","Firefox","Mozilla/5.0 (Windows NT 10.0; Win64; x64; rv:95.0) Gecko/20100101 Firefox/95.0"
"802a2","5b796","Map_Only","async","50","736","2021-12-08T13:00:04.299Z","Windows","Firefox","Mozilla/5.0 (Windows NT 10.0; Win64; x64; rv:95.0) Gecko/20100101 Firefox/95.0"
"802a2","5b796","Map_Only","sync","50","28","2021-12-08T13:00:04.328Z","Windows","Firefox","Mozilla/5.0 (Windows NT 10.0; Win64; x64; rv:95.0) Gecko/20100101 Firefox/95.0"
"802a2","5b796","Canvas","async","50","869","2021-12-08T13:00:05.197Z","Windows","Firefox","Mozilla/5.0 (Windows NT 10.0; Win64; x64; rv:95.0) Gecko/20100101 Firefox/95.0"
"802a2","5b796","Canvas","sync","50","659","2021-12-08T13:00:05.856Z","Windows","Firefox","Mozilla/5.0 (Windows NT 10.0; Win64; x64; rv:95.0) Gecko/20100101 Firefox/95.0"
"802a2","5b796","HTML_flex","async","50","2823","2021-12-08T13:00:08.679Z","Windows","Firefox","Mozilla/5.0 (Windows NT 10.0; Win64; x64; rv:95.0) Gecko/20100101 Firefox/95.0"
"802a2","5b796","HTML_flex","sync","50","501","2021-12-08T13:00:09.180Z","Windows","Firefox","Mozilla/5.0 (Windows NT 10.0; Win64; x64; rv:95.0) Gecko/20100101 Firefox/95.0"
"802a2","5b796","HTML_absolute","async","50","2931","2021-12-08T13:00:12.112Z","Windows","Firefox","Mozilla/5.0 (Windows NT 10.0; Win64; x64; rv:95.0) Gecko/20100101 Firefox/95.0"
"802a2","5b796","HTML_absolute","sync","50","513","2021-12-08T13:00:12.626Z","Windows","Firefox","Mozilla/5.0 (Windows NT 10.0; Win64; x64; rv:95.0) Gecko/20100101 Firefox/95.0"
"802a2","5b796","SVG_slow","async","50","7994","2021-12-08T13:00:20.620Z","Windows","Firefox","Mozilla/5.0 (Windows NT 10.0; Win64; x64; rv:95.0) Gecko/20100101 Firefox/95.0"
"802a2","5b796","SVG_slow","sync","50","1775","2021-12-08T13:00:22.395Z","Windows","Firefox","Mozilla/5.0 (Windows NT 10.0; Win64; x64; rv:95.0) Gecko/20100101 Firefox/95.0"
"802a2","5b796","SVG","async","50","7236","2021-12-08T13:00:29.631Z","Windows","Firefox","Mozilla/5.0 (Windows NT 10.0; Win64; x64; rv:95.0) Gecko/20100101 Firefox/95.0"
"802a2","5b796","SVG","sync","50","591","2021-12-08T13:00:30.223Z","Windows","Firefox","Mozilla/5.0 (Windows NT 10.0; Win64; x64; rv:95.0) Gecko/20100101 Firefox/95.0"
"802a2","48dd45","Map_Only","async","50","646","2021-12-08T13:02:57.989Z","Windows","Firefox","Mozilla/5.0 (Windows NT 10.0; Win64; x64; rv:95.0) Gecko/20100101 Firefox/95.0"
"802a2","48dd45","Map_Only","sync","50","55","2021-12-08T13:02:58.045Z","Windows","Firefox","Mozilla/5.0 (Windows NT 10.0; Win64; x64; rv:95.0) Gecko/20100101 Firefox/95.0"
"802a2","48dd45","Canvas","async","50","787","2021-12-08T13:02:58.832Z","Windows","Firefox","Mozilla/5.0 (Windows NT 10.0; Win64; x64; rv:95.0) Gecko/20100101 Firefox/95.0"
"802a2","48dd45","Canvas","sync","50","345","2021-12-08T13:02:59.177Z","Windows","Firefox","Mozilla/5.0 (Windows NT 10.0; Win64; x64; rv:95.0) Gecko/20100101 Firefox/95.0"
"802a2","48dd45","HTML_flex","async","50","1665","2021-12-08T13:03:00.843Z","Windows","Firefox","Mozilla/5.0 (Windows NT 10.0; Win64; x64; rv:95.0) Gecko/20100101 Firefox/95.0"
"802a2","48dd45","HTML_flex","sync","50","296","2021-12-08T13:03:01.139Z","Windows","Firefox","Mozilla/5.0 (Windows NT 10.0; Win64; x64; rv:95.0) Gecko/20100101 Firefox/95.0"
"802a2","48dd45","HTML_absolute","async","50","1699","2021-12-08T13:03:02.838Z","Windows","Firefox","Mozilla/5.0 (Windows NT 10.0; Win64; x64; rv:95.0) Gecko/20100101 Firefox/95.0"
"802a2","48dd45","HTML_absolute","sync","50","310","2021-12-08T13:03:03.148Z","Windows","Firefox","Mozilla/5.0 (Windows NT 10.0; Win64; x64; rv:95.0) Gecko/20100101 Firefox/95.0"
"802a2","48dd45","SVG_slow","async","50","4208","2021-12-08T13:03:07.356Z","Windows","Firefox","Mozilla/5.0 (Windows NT 10.0; Win64; x64; rv:95.0) Gecko/20100101 Firefox/95.0"
"802a2","48dd45","SVG_slow","sync","50","1164","2021-12-08T13:03:08.520Z","Windows","Firefox","Mozilla/5.0 (Windows NT 10.0; Win64; x64; rv:95.0) Gecko/20100101 Firefox/95.0"
"802a2","48dd45","SVG","async","50","4631","2021-12-08T13:03:13.151Z","Windows","Firefox","Mozilla/5.0 (Windows NT 10.0; Win64; x64; rv:95.0) Gecko/20100101 Firefox/95.0"
"802a2","48dd45","SVG","sync","50","480","2021-12-08T13:03:13.632Z","Windows","Firefox","Mozilla/5.0 (Windows NT 10.0; Win64; x64; rv:95.0) Gecko/20100101 Firefox/95.0"
"802a2","4f5908","Map_Only","async","50","706","2021-12-08T13:07:05.743Z","Windows","Firefox","Mozilla/5.0 (Windows NT 10.0; Win64; x64; rv:95.0) Gecko/20100101 Firefox/95.0"
"802a2","4f5908","Map_Only","sync","50","188","2021-12-08T13:07:05.931Z","Windows","Firefox","Mozilla/5.0 (Windows NT 10.0; Win64; x64; rv:95.0) Gecko/20100101 Firefox/95.0"
"802a2","4f5908","Canvas","async","50","2863","2021-12-08T13:07:08.795Z","Windows","Firefox","Mozilla/5.0 (Windows NT 10.0; Win64; x64; rv:95.0) Gecko/20100101 Firefox/95.0"
"802a2","4f5908","Canvas","sync","50","2471","2021-12-08T13:07:11.267Z","Windows","Firefox","Mozilla/5.0 (Windows NT 10.0; Win64; x64; rv:95.0) Gecko/20100101 Firefox/95.0"
"802a2","4f5908","HTML_flex","async","50","7947","2021-12-08T13:07:19.214Z","Windows","Firefox","Mozilla/5.0 (Windows NT 10.0; Win64; x64; rv:95.0) Gecko/20100101 Firefox/95.0"
"802a2","4f5908","HTML_flex","sync","50","2056","2021-12-08T13:07:21.270Z","Windows","Firefox","Mozilla/5.0 (Windows NT 10.0; Win64; x64; rv:95.0) Gecko/20100101 Firefox/95.0"
"802a2","4f5908","HTML_absolute","async","50","8299","2021-12-08T13:07:29.570Z","Windows","Firefox","Mozilla/5.0 (Windows NT 10.0; Win64; x64; rv:95.0) Gecko/20100101 Firefox/95.0"
"802a2","4f5908","HTML_absolute","sync","50","2243","2021-12-08T13:07:31.813Z","Windows","Firefox","Mozilla/5.0 (Windows NT 10.0; Win64; x64; rv:95.0) Gecko/20100101 Firefox/95.0"
"802a2","4f5908","SVG_slow","async","50","24117","2021-12-08T13:07:55.931Z","Windows","Firefox","Mozilla/5.0 (Windows NT 10.0; Win64; x64; rv:95.0) Gecko/20100101 Firefox/95.0"
"802a2","4f5908","SVG_slow","sync","50","11068","2021-12-08T13:08:07.000Z","Windows","Firefox","Mozilla/5.0 (Windows NT 10.0; Win64; x64; rv:95.0) Gecko/20100101 Firefox/95.0"
"802a2","4f5908","SVG","async","50","22138","2021-12-08T13:08:29.138Z","Windows","Firefox","Mozilla/5.0 (Windows NT 10.0; Win64; x64; rv:95.0) Gecko/20100101 Firefox/95.0"
"802a2","4f5908","SVG","sync","50","2236","2021-12-08T13:08:31.375Z","Windows","Firefox","Mozilla/5.0 (Windows NT 10.0; Win64; x64; rv:95.0) Gecko/20100101 Firefox/95.0"
"f895e9","e2725d","Map_Only","async","50","268","2021-12-08T12:53:44.239Z","Windows","Chrome","Mozilla/5.0 (Windows NT 10.0; Win64; x64) AppleWebKit/537.36 (KHTML, like Gecko) Chrome/96.0.4664.93 Safari/537.36"
"f895e9","e2725d","Map_Only","sync","50","41","2021-12-08T12:53:44.281Z","Windows","Chrome","Mozilla/5.0 (Windows NT 10.0; Win64; x64) AppleWebKit/537.36 (KHTML, like Gecko) Chrome/96.0.4664.93 Safari/537.36"
"f895e9","e2725d","Canvas","async","50","611","2021-12-08T12:53:44.893Z","Windows","Chrome","Mozilla/5.0 (Windows NT 10.0; Win64; x64) AppleWebKit/537.36 (KHTML, like Gecko) Chrome/96.0.4664.93 Safari/537.36"
"f895e9","e2725d","Canvas","sync","50","605","2021-12-08T12:53:45.498Z","Windows","Chrome","Mozilla/5.0 (Windows NT 10.0; Win64; x64) AppleWebKit/537.36 (KHTML, like Gecko) Chrome/96.0.4664.93 Safari/537.36"
"f895e9","e2725d","HTML_flex","async","50","1786","2021-12-08T12:53:47.284Z","Windows","Chrome","Mozilla/5.0 (Windows NT 10.0; Win64; x64) AppleWebKit/537.36 (KHTML, like Gecko) Chrome/96.0.4664.93 Safari/537.36"
"f895e9","e2725d","HTML_flex","sync","50","281","2021-12-08T12:53:47.565Z","Windows","Chrome","Mozilla/5.0 (Windows NT 10.0; Win64; x64) AppleWebKit/537.36 (KHTML, like Gecko) Chrome/96.0.4664.93 Safari/537.36"
"f895e9","e2725d","HTML_absolute","async","50","2142","2021-12-08T12:53:49.707Z","Windows","Chrome","Mozilla/5.0 (Windows NT 10.0; Win64; x64) AppleWebKit/537.36 (KHTML, like Gecko) Chrome/96.0.4664.93 Safari/537.36"
"f895e9","e2725d","HTML_absolute","sync","50","299","2021-12-08T12:53:50.006Z","Windows","Chrome","Mozilla/5.0 (Windows NT 10.0; Win64; x64) AppleWebKit/537.36 (KHTML, like Gecko) Chrome/96.0.4664.93 Safari/537.36"
"f895e9","e2725d","SVG_slow","async","50","6179","2021-12-08T12:53:56.188Z","Windows","Chrome","Mozilla/5.0 (Windows NT 10.0; Win64; x64) AppleWebKit/537.36 (KHTML, like Gecko) Chrome/96.0.4664.93 Safari/537.36"
"f895e9","e2725d","SVG_slow","sync","50","3336","2021-12-08T12:53:59.526Z","Windows","Chrome","Mozilla/5.0 (Windows NT 10.0; Win64; x64) AppleWebKit/537.36 (KHTML, like Gecko) Chrome/96.0.4664.93 Safari/537.36"
"f895e9","e2725d","SVG","async","50","3369","2021-12-08T12:54:02.895Z","Windows","Chrome","Mozilla/5.0 (Windows NT 10.0; Win64; x64) AppleWebKit/537.36 (KHTML, like Gecko) Chrome/96.0.4664.93 Safari/537.36"
"f895e9","e2725d","SVG","sync","50","373","2021-12-08T12:54:03.269Z","Windows","Chrome","Mozilla/5.0 (Windows NT 10.0; Win64; x64) AppleWebKit/537.36 (KHTML, like Gecko) Chrome/96.0.4664.93 Safari/537.36"
"f895e9","2401b0","Map_Only","async","50","256","2021-12-08T13:00:02.804Z","Windows","Chrome","Mozilla/5.0 (Windows NT 10.0; Win64; x64) AppleWebKit/537.36 (KHTML, like Gecko) Chrome/96.0.4664.93 Safari/537.36"
"f895e9","2401b0","Map_Only","sync","50","16","2021-12-08T13:00:02.820Z","Windows","Chrome","Mozilla/5.0 (Windows NT 10.0; Win64; x64) AppleWebKit/537.36 (KHTML, like Gecko) Chrome/96.0.4664.93 Safari/537.36"
"f895e9","2401b0","Canvas","async","50","575","2021-12-08T13:00:03.395Z","Windows","Chrome","Mozilla/5.0 (Windows NT 10.0; Win64; x64) AppleWebKit/537.36 (KHTML, like Gecko) Chrome/96.0.4664.93 Safari/537.36"
"f895e9","2401b0","Canvas","sync","50","648","2021-12-08T13:00:04.043Z","Windows","Chrome","Mozilla/5.0 (Windows NT 10.0; Win64; x64) AppleWebKit/537.36 (KHTML, like Gecko) Chrome/96.0.4664.93 Safari/537.36"
"f895e9","2401b0","HTML_flex","async","50","3265","2021-12-08T13:00:07.308Z","Windows","Chrome","Mozilla/5.0 (Windows NT 10.0; Win64; x64) AppleWebKit/537.36 (KHTML, like Gecko) Chrome/96.0.4664.93 Safari/537.36"
"f895e9","2401b0","HTML_flex","sync","50","631","2021-12-08T13:00:07.939Z","Windows","Chrome","Mozilla/5.0 (Windows NT 10.0; Win64; x64) AppleWebKit/537.36 (KHTML, like Gecko) Chrome/96.0.4664.93 Safari/537.36"
"f895e9","2401b0","HTML_absolute","async","50","3913","2021-12-08T13:00:11.852Z","Windows","Chrome","Mozilla/5.0 (Windows NT 10.0; Win64; x64) AppleWebKit/537.36 (KHTML, like Gecko) Chrome/96.0.4664.93 Safari/537.36"
"f895e9","2401b0","HTML_absolute","sync","50","560","2021-12-08T13:00:12.413Z","Windows","Chrome","Mozilla/5.0 (Windows NT 10.0; Win64; x64) AppleWebKit/537.36 (KHTML, like Gecko) Chrome/96.0.4664.93 Safari/537.36"
"f895e9","2401b0","SVG_slow","async","50","11755","2021-12-08T13:00:24.169Z","Windows","Chrome","Mozilla/5.0 (Windows NT 10.0; Win64; x64) AppleWebKit/537.36 (KHTML, like Gecko) Chrome/96.0.4664.93 Safari/537.36"
"f895e9","2401b0","SVG_slow","sync","50","6215","2021-12-08T13:00:30.385Z","Windows","Chrome","Mozilla/5.0 (Windows NT 10.0; Win64; x64) AppleWebKit/537.36 (KHTML, like Gecko) Chrome/96.0.4664.93 Safari/537.36"
"f895e9","2401b0","SVG","async","50","3521","2021-12-08T13:00:33.907Z","Windows","Chrome","Mozilla/5.0 (Windows NT 10.0; Win64; x64) AppleWebKit/537.36 (KHTML, like Gecko) Chrome/96.0.4664.93 Safari/537.36"
"f895e9","2401b0","SVG","sync","50","523","2021-12-08T13:00:34.431Z","Windows","Chrome","Mozilla/5.0 (Windows NT 10.0; Win64; x64) AppleWebKit/537.36 (KHTML, like Gecko) Chrome/96.0.4664.93 Safari/537.36"
"f895e9","64629d","Map_Only","async","50","255","2021-12-08T13:02:34.140Z","Windows","Chrome","Mozilla/5.0 (Windows NT 10.0; Win64; x64) AppleWebKit/537.36 (KHTML, like Gecko) Chrome/96.0.4664.93 Safari/537.36"
"f895e9","64629d","Map_Only","sync","50","20","2021-12-08T13:02:34.161Z","Windows","Chrome","Mozilla/5.0 (Windows NT 10.0; Win64; x64) AppleWebKit/537.36 (KHTML, like Gecko) Chrome/96.0.4664.93 Safari/537.36"
"f895e9","64629d","Canvas","async","50","774","2021-12-08T13:02:34.935Z","Windows","Chrome","Mozilla/5.0 (Windows NT 10.0; Win64; x64) AppleWebKit/537.36 (KHTML, like Gecko) Chrome/96.0.4664.93 Safari/537.36"
"f895e9","64629d","Canvas","sync","50","691","2021-12-08T13:02:35.626Z","Windows","Chrome","Mozilla/5.0 (Windows NT 10.0; Win64; x64) AppleWebKit/537.36 (KHTML, like Gecko) Chrome/96.0.4664.93 Safari/537.36"
"f895e9","64629d","HTML_flex","async","50","1884","2021-12-08T13:02:37.510Z","Windows","Chrome","Mozilla/5.0 (Windows NT 10.0; Win64; x64) AppleWebKit/537.36 (KHTML, like Gecko) Chrome/96.0.4664.93 Safari/537.36"
"f895e9","64629d","HTML_flex","sync","50","333","2021-12-08T13:02:37.843Z","Windows","Chrome","Mozilla/5.0 (Windows NT 10.0; Win64; x64) AppleWebKit/537.36 (KHTML, like Gecko) Chrome/96.0.4664.93 Safari/537.36"
"f895e9","64629d","HTML_absolute","async","50","1892","2021-12-08T13:02:39.735Z","Windows","Chrome","Mozilla/5.0 (Windows NT 10.0; Win64; x64) AppleWebKit/537.36 (KHTML, like Gecko) Chrome/96.0.4664.93 Safari/537.36"
"f895e9","64629d","HTML_absolute","sync","50","333","2021-12-08T13:02:40.069Z","Windows","Chrome","Mozilla/5.0 (Windows NT 10.0; Win64; x64) AppleWebKit/537.36 (KHTML, like Gecko) Chrome/96.0.4664.93 Safari/537.36"
"f895e9","64629d","SVG_slow","async","50","5980","2021-12-08T13:02:46.050Z","Windows","Chrome","Mozilla/5.0 (Windows NT 10.0; Win64; x64) AppleWebKit/537.36 (KHTML, like Gecko) Chrome/96.0.4664.93 Safari/537.36"
"f895e9","64629d","SVG_slow","sync","50","3275","2021-12-08T13:02:49.326Z","Windows","Chrome","Mozilla/5.0 (Windows NT 10.0; Win64; x64) AppleWebKit/537.36 (KHTML, like Gecko) Chrome/96.0.4664.93 Safari/537.36"
"f895e9","64629d","SVG","async","50","2476","2021-12-08T13:02:51.803Z","Windows","Chrome","Mozilla/5.0 (Windows NT 10.0; Win64; x64) AppleWebKit/537.36 (KHTML, like Gecko) Chrome/96.0.4664.93 Safari/537.36"
"f895e9","64629d","SVG","sync","50","402","2021-12-08T13:02:52.206Z","Windows","Chrome","Mozilla/5.0 (Windows NT 10.0; Win64; x64) AppleWebKit/537.36 (KHTML, like Gecko) Chrome/96.0.4664.93 Safari/537.36"
"f895e9","be7cd6","Map_Only","async","50","398","2021-12-08T13:04:21.259Z","Windows","Chrome","Mozilla/5.0 (Windows NT 10.0; Win64; x64) AppleWebKit/537.36 (KHTML, like Gecko) Chrome/96.0.4664.93 Safari/537.36"
"f895e9","be7cd6","Map_Only","sync","50","36","2021-12-08T13:04:21.295Z","Windows","Chrome","Mozilla/5.0 (Windows NT 10.0; Win64; x64) AppleWebKit/537.36 (KHTML, like Gecko) Chrome/96.0.4664.93 Safari/537.36"
"f895e9","be7cd6","Canvas","async","50","2368","2021-12-08T13:04:23.665Z","Windows","Chrome","Mozilla/5.0 (Windows NT 10.0; Win64; x64) AppleWebKit/537.36 (KHTML, like Gecko) Chrome/96.0.4664.93 Safari/537.36"
"f895e9","be7cd6","Canvas","sync","50","3649","2021-12-08T13:04:27.315Z","Windows","Chrome","Mozilla/5.0 (Windows NT 10.0; Win64; x64) AppleWebKit/537.36 (KHTML, like Gecko) Chrome/96.0.4664.93 Safari/537.36"
"f895e9","be7cd6","HTML_flex","async","50","11691","2021-12-08T13:04:39.007Z","Windows","Chrome","Mozilla/5.0 (Windows NT 10.0; Win64; x64) AppleWebKit/537.36 (KHTML, like Gecko) Chrome/96.0.4664.93 Safari/537.36"
"f895e9","be7cd6","HTML_flex","sync","50","2653","2021-12-08T13:04:41.672Z","Windows","Chrome","Mozilla/5.0 (Windows NT 10.0; Win64; x64) AppleWebKit/537.36 (KHTML, like Gecko) Chrome/96.0.4664.93 Safari/537.36"
"f895e9","be7cd6","HTML_absolute","async","50","21647","2021-12-08T13:05:03.338Z","Windows","Chrome","Mozilla/5.0 (Windows NT 10.0; Win64; x64) AppleWebKit/537.36 (KHTML, like Gecko) Chrome/96.0.4664.93 Safari/537.36"
"f895e9","be7cd6","HTML_absolute","sync","50","2964","2021-12-08T13:05:06.303Z","Windows","Chrome","Mozilla/5.0 (Windows NT 10.0; Win64; x64) AppleWebKit/537.36 (KHTML, like Gecko) Chrome/96.0.4664.93 Safari/537.36"
"f895e9","be7cd6","SVG_slow","async","50","56296","2021-12-08T13:06:02.599Z","Windows","Chrome","Mozilla/5.0 (Windows NT 10.0; Win64; x64) AppleWebKit/537.36 (KHTML, like Gecko) Chrome/96.0.4664.93 Safari/537.36"
"f895e9","be7cd6","SVG_slow","sync","50","31160","2021-12-08T13:06:33.760Z","Windows","Chrome","Mozilla/5.0 (Windows NT 10.0; Win64; x64) AppleWebKit/537.36 (KHTML, like Gecko) Chrome/96.0.4664.93 Safari/537.36"
"f895e9","be7cd6","SVG","async","50","25229","2021-12-08T13:06:58.992Z","Windows","Chrome","Mozilla/5.0 (Windows NT 10.0; Win64; x64) AppleWebKit/537.36 (KHTML, like Gecko) Chrome/96.0.4664.93 Safari/537.36"
"f895e9","be7cd6","SVG","sync","50","3355","2021-12-08T13:07:02.347Z","Windows","Chrome","Mozilla/5.0 (Windows NT 10.0; Win64; x64) AppleWebKit/537.36 (KHTML, like Gecko) Chrome/96.0.4664.93 Safari/537.36"
"e4d7ea","76a62d","Map_Only","async","50","280","2021-12-08T13:05:20.684Z","Android","Firefox","Mozilla/5.0 (Android 10; Mobile; rv:94.0) Gecko/94.0 Firefox/94.0"
"e4d7ea","76a62d","Map_Only","sync","50","35","2021-12-08T13:05:20.721Z","Android","Firefox","Mozilla/5.0 (Android 10; Mobile; rv:94.0) Gecko/94.0 Firefox/94.0"
"e4d7ea","76a62d","Canvas","async","50","932","2021-12-08T13:05:21.654Z","Android","Firefox","Mozilla/5.0 (Android 10; Mobile; rv:94.0) Gecko/94.0 Firefox/94.0"
"e4d7ea","76a62d","Canvas","sync","50","532","2021-12-08T13:05:22.187Z","Android","Firefox","Mozilla/5.0 (Android 10; Mobile; rv:94.0) Gecko/94.0 Firefox/94.0"
"e4d7ea","76a62d","HTML_flex","async","50","5368","2021-12-08T13:05:27.556Z","Android","Firefox","Mozilla/5.0 (Android 10; Mobile; rv:94.0) Gecko/94.0 Firefox/94.0"
"e4d7ea","76a62d","HTML_flex","sync","50","942","2021-12-08T13:05:28.499Z","Android","Firefox","Mozilla/5.0 (Android 10; Mobile; rv:94.0) Gecko/94.0 Firefox/94.0"
"e4d7ea","76a62d","HTML_absolute","async","50","5180","2021-12-08T13:05:33.680Z","Android","Firefox","Mozilla/5.0 (Android 10; Mobile; rv:94.0) Gecko/94.0 Firefox/94.0"
"e4d7ea","76a62d","HTML_absolute","sync","50","950","2021-12-08T13:05:34.630Z","Android","Firefox","Mozilla/5.0 (Android 10; Mobile; rv:94.0) Gecko/94.0 Firefox/94.0"
"e4d7ea","76a62d","SVG_slow","async","50","10667","2021-12-08T13:05:45.298Z","Android","Firefox","Mozilla/5.0 (Android 10; Mobile; rv:94.0) Gecko/94.0 Firefox/94.0"
"e4d7ea","76a62d","SVG_slow","sync","50","2999","2021-12-08T13:05:48.298Z","Android","Firefox","Mozilla/5.0 (Android 10; Mobile; rv:94.0) Gecko/94.0 Firefox/94.0"
"e4d7ea","76a62d","SVG","async","50","10989","2021-12-08T13:05:59.289Z","Android","Firefox","Mozilla/5.0 (Android 10; Mobile; rv:94.0) Gecko/94.0 Firefox/94.0"
"e4d7ea","76a62d","SVG","sync","50","716","2021-12-08T13:06:00.012Z","Android","Firefox","Mozilla/5.0 (Android 10; Mobile; rv:94.0) Gecko/94.0 Firefox/94.0"
"e4d7ea","808a06","Map_Only","async","50","315","2021-12-08T13:06:24.792Z","Android","Firefox","Mozilla/5.0 (Android 10; Mobile; rv:94.0) Gecko/94.0 Firefox/94.0"
"e4d7ea","808a06","Map_Only","sync","50","56","2021-12-08T13:06:24.850Z","Android","Firefox","Mozilla/5.0 (Android 10; Mobile; rv:94.0) Gecko/94.0 Firefox/94.0"
"e4d7ea","808a06","Canvas","async","50","1004","2021-12-08T13:06:25.854Z","Android","Firefox","Mozilla/5.0 (Android 10; Mobile; rv:94.0) Gecko/94.0 Firefox/94.0"
"e4d7ea","808a06","Canvas","sync","50","554","2021-12-08T13:06:26.409Z","Android","Firefox","Mozilla/5.0 (Android 10; Mobile; rv:94.0) Gecko/94.0 Firefox/94.0"
"e4d7ea","808a06","HTML_flex","async","50","4771","2021-12-08T13:06:31.180Z","Android","Firefox","Mozilla/5.0 (Android 10; Mobile; rv:94.0) Gecko/94.0 Firefox/94.0"
"e4d7ea","808a06","HTML_flex","sync","50","917","2021-12-08T13:06:32.097Z","Android","Firefox","Mozilla/5.0 (Android 10; Mobile; rv:94.0) Gecko/94.0 Firefox/94.0"
"e4d7ea","808a06","HTML_absolute","async","50","5101","2021-12-08T13:06:37.199Z","Android","Firefox","Mozilla/5.0 (Android 10; Mobile; rv:94.0) Gecko/94.0 Firefox/94.0"
"e4d7ea","808a06","HTML_absolute","sync","50","972","2021-12-08T13:06:38.172Z","Android","Firefox","Mozilla/5.0 (Android 10; Mobile; rv:94.0) Gecko/94.0 Firefox/94.0"
"e4d7ea","808a06","SVG_slow","async","50","11350","2021-12-08T13:06:49.522Z","Android","Firefox","Mozilla/5.0 (Android 10; Mobile; rv:94.0) Gecko/94.0 Firefox/94.0"
"e4d7ea","808a06","SVG_slow","sync","50","3121","2021-12-08T13:06:52.644Z","Android","Firefox","Mozilla/5.0 (Android 10; Mobile; rv:94.0) Gecko/94.0 Firefox/94.0"
"e4d7ea","808a06","SVG","async","50","10868","2021-12-08T13:07:03.514Z","Android","Firefox","Mozilla/5.0 (Android 10; Mobile; rv:94.0) Gecko/94.0 Firefox/94.0"
"e4d7ea","808a06","SVG","sync","50","707","2021-12-08T13:07:04.228Z","Android","Firefox","Mozilla/5.0 (Android 10; Mobile; rv:94.0) Gecko/94.0 Firefox/94.0"
"ef5225","6e84a4","Map_Only","async","50","265","2021-12-08T13:08:36.008Z","Android","Chrome","Mozilla/5.0 (Linux; Android 10; M2010J19SY) AppleWebKit/537.36 (KHTML, like Gecko) Chrome/96.0.4664.45 Mobile Safari/537.36"
"ef5225","6e84a4","Map_Only","sync","50","49","2021-12-08T13:08:36.058Z","Android","Chrome","Mozilla/5.0 (Linux; Android 10; M2010J19SY) AppleWebKit/537.36 (KHTML, like Gecko) Chrome/96.0.4664.45 Mobile Safari/537.36"
"ef5225","6e84a4","Canvas","async","50","1337","2021-12-08T13:08:37.395Z","Android","Chrome","Mozilla/5.0 (Linux; Android 10; M2010J19SY) AppleWebKit/537.36 (KHTML, like Gecko) Chrome/96.0.4664.45 Mobile Safari/537.36"
"ef5225","6e84a4","Canvas","sync","50","1220","2021-12-08T13:08:38.616Z","Android","Chrome","Mozilla/5.0 (Linux; Android 10; M2010J19SY) AppleWebKit/537.36 (KHTML, like Gecko) Chrome/96.0.4664.45 Mobile Safari/537.36"
"ef5225","6e84a4","HTML_flex","async","50","6296","2021-12-08T13:08:44.912Z","Android","Chrome","Mozilla/5.0 (Linux; Android 10; M2010J19SY) AppleWebKit/537.36 (KHTML, like Gecko) Chrome/96.0.4664.45 Mobile Safari/537.36"
"ef5225","6e84a4","HTML_flex","sync","50","865","2021-12-08T13:08:45.779Z","Android","Chrome","Mozilla/5.0 (Linux; Android 10; M2010J19SY) AppleWebKit/537.36 (KHTML, like Gecko) Chrome/96.0.4664.45 Mobile Safari/537.36"
"ef5225","6e84a4","HTML_absolute","async","50","8161","2021-12-08T13:08:53.940Z","Android","Chrome","Mozilla/5.0 (Linux; Android 10; M2010J19SY) AppleWebKit/537.36 (KHTML, like Gecko) Chrome/96.0.4664.45 Mobile Safari/537.36"
"ef5225","6e84a4","HTML_absolute","sync","50","912","2021-12-08T13:08:54.852Z","Android","Chrome","Mozilla/5.0 (Linux; Android 10; M2010J19SY) AppleWebKit/537.36 (KHTML, like Gecko) Chrome/96.0.4664.45 Mobile Safari/537.36"
"ef5225","6e84a4","SVG_slow","async","50","14265","2021-12-08T13:09:09.118Z","Android","Chrome","Mozilla/5.0 (Linux; Android 10; M2010J19SY) AppleWebKit/537.36 (KHTML, like Gecko) Chrome/96.0.4664.45 Mobile Safari/537.36"
"ef5225","6e84a4","SVG_slow","sync","50","6686","2021-12-08T13:09:15.805Z","Android","Chrome","Mozilla/5.0 (Linux; Android 10; M2010J19SY) AppleWebKit/537.36 (KHTML, like Gecko) Chrome/96.0.4664.45 Mobile Safari/537.36"
"ef5225","6e84a4","SVG","async","50","7748","2021-12-08T13:09:23.553Z","Android","Chrome","Mozilla/5.0 (Linux; Android 10; M2010J19SY) AppleWebKit/537.36 (KHTML, like Gecko) Chrome/96.0.4664.45 Mobile Safari/537.36"
"ef5225","6e84a4","SVG","sync","50","1227","2021-12-08T13:09:24.781Z","Android","Chrome","Mozilla/5.0 (Linux; Android 10; M2010J19SY) AppleWebKit/537.36 (KHTML, like Gecko) Chrome/96.0.4664.45 Mobile Safari/537.36"
"ef5225","77ac7c","Map_Only","async","50","280","2021-12-08T13:09:28.936Z","Android","Chrome","Mozilla/5.0 (Linux; Android 10; M2010J19SY) AppleWebKit/537.36 (KHTML, like Gecko) Chrome/96.0.4664.45 Mobile Safari/537.36"
"ef5225","77ac7c","Map_Only","sync","50","48","2021-12-08T13:09:28.985Z","Android","Chrome","Mozilla/5.0 (Linux; Android 10; M2010J19SY) AppleWebKit/537.36 (KHTML, like Gecko) Chrome/96.0.4664.45 Mobile Safari/537.36"
"ef5225","77ac7c","Canvas","async","50","1249","2021-12-08T13:09:30.235Z","Android","Chrome","Mozilla/5.0 (Linux; Android 10; M2010J19SY) AppleWebKit/537.36 (KHTML, like Gecko) Chrome/96.0.4664.45 Mobile Safari/537.36"
"ef5225","77ac7c","Canvas","sync","50","1648","2021-12-08T13:09:31.884Z","Android","Chrome","Mozilla/5.0 (Linux; Android 10; M2010J19SY) AppleWebKit/537.36 (KHTML, like Gecko) Chrome/96.0.4664.45 Mobile Safari/537.36"
"ef5225","77ac7c","HTML_flex","async","50","6428","2021-12-08T13:09:38.312Z","Android","Chrome","Mozilla/5.0 (Linux; Android 10; M2010J19SY) AppleWebKit/537.36 (KHTML, like Gecko) Chrome/96.0.4664.45 Mobile Safari/537.36"
"ef5225","77ac7c","HTML_flex","sync","50","858","2021-12-08T13:09:39.170Z","Android","Chrome","Mozilla/5.0 (Linux; Android 10; M2010J19SY) AppleWebKit/537.36 (KHTML, like Gecko) Chrome/96.0.4664.45 Mobile Safari/537.36"
"ef5225","77ac7c","HTML_absolute","async","50","8184","2021-12-08T13:09:47.354Z","Android","Chrome","Mozilla/5.0 (Linux; Android 10; M2010J19SY) AppleWebKit/537.36 (KHTML, like Gecko) Chrome/96.0.4664.45 Mobile Safari/537.36"
"ef5225","77ac7c","HTML_absolute","sync","50","892","2021-12-08T13:09:48.248Z","Android","Chrome","Mozilla/5.0 (Linux; Android 10; M2010J19SY) AppleWebKit/537.36 (KHTML, like Gecko) Chrome/96.0.4664.45 Mobile Safari/537.36"
"ef5225","77ac7c","SVG_slow","async","50","14074","2021-12-08T13:10:02.322Z","Android","Chrome","Mozilla/5.0 (Linux; Android 10; M2010J19SY) AppleWebKit/537.36 (KHTML, like Gecko) Chrome/96.0.4664.45 Mobile Safari/537.36"
"ef5225","77ac7c","SVG_slow","sync","50","7064","2021-12-08T13:10:09.387Z","Android","Chrome","Mozilla/5.0 (Linux; Android 10; M2010J19SY) AppleWebKit/537.36 (KHTML, like Gecko) Chrome/96.0.4664.45 Mobile Safari/537.36"
"ef5225","77ac7c","SVG","async","50","7812","2021-12-08T13:10:17.200Z","Android","Chrome","Mozilla/5.0 (Linux; Android 10; M2010J19SY) AppleWebKit/537.36 (KHTML, like Gecko) Chrome/96.0.4664.45 Mobile Safari/537.36"
"ef5225","77ac7c","SVG","sync","50","856","2021-12-08T13:10:18.057Z","Android","Chrome","Mozilla/5.0 (Linux; Android 10; M2010J19SY) AppleWebKit/537.36 (KHTML, like Gecko) Chrome/96.0.4664.45 Mobile Safari/537.36"
